Tune Title,Vol #,Vehicle Type,Key,Tempo,# of choruses,CD Track #
Blues In Bb**,1,Blues,Bb,132,11,7
Blues In F**,1,Blues,F,152,12,8
24-Measure Song**,1,Standard,C,138,5,10
6/8 Modal Blues,2,Blues,C-,184,10,3
Bird Blues,2,Blues,F,160,13,12
Fast Blues In Bb,2,Blues,Bb,192,18,5
Fast Blues In F,2,Blues,F,192,11,10
Home Stretch,2,Blues,D-,168,10,7
Horizontal,2,Blues,C,132,8,8
Long Meter Jazz-Rock,2,Blues,D-,152,6,6
Minor Blues In C,2,Blues,C-,120,10,11
Mr. Super Hip,2,Blues,F-,168,7,2
Slow Blues In F,2,Blues,F,63,6,4
Slow Blues In G,2,Blues,G,80,7,9
Bebop Tune**,3,Bebop,Eb,224,4,6
F Blues With Bridge**,3,Blues,F,240,7,8
G Minor Blues**,3,Blues,G-,116,11,5
Ballad Waltz,4,Ballad,D,98,7,7
7/4 - 3/4,4,Contemp.,C-,196,6,10
Agitation,4,Contemp.,Bb-,256,5,4
All Things Unfinished,4,Contemp.,D,116,3,9
Magic Morning,4,Contemp.,E,138,5,2
Once Remembered,4,Contemp.,G-,208,7,6
Quickie,4,Contemp.,Bb,272,11,8
Scooter,4,Contemp.,F,248,23,5
Five Eight-Bar Phrases**,4,Modal,-,272,9,3
Essence,5,Ballad,Eb,80,3,7
Bebopish (Half Nelson),5,Bebop,C,164,13,9
Groovitis (Sugar),5,Bebop,C-,122,10,2
Half-Nelson**,5,Bebop,C,164,13,9
Killer Pete,5,Bebop,C,125,4,5
Beatitude,5,Contemp.,C,93,14,8
Freddieish,5,Contemp.,Bb,122,5,3
Modal Voyage,5,Modal,D,135,5,6
"Snap, Crackle, and Pop",5,Modal,Bb,84,-,4
Confirmation,6,Bebop,F,204,7,4
Dewey Square,6,Bebop,Eb,204,8,5
Donna Lee (Indiana),6,Bebop,Ab,214,8,6
How High The Moon**,6,Bebop,G,220,7,8
I Got Rhythm**,6,Bebop,Bb,256,9,10
Indiana** (Donna Lee),6,Bebop,Ab,214,8,6
My Little Suede Shoes,6,Bebop,Eb,160,5,7
Ornithology (How High The Moon),6,Bebop,G,220,7,8
Rosetta**,6,Bebop,C,186,6,3
Scrapple From The Apple,6,Bebop,F,196,7,9
Thrivin' From A Riff (I Got Rhythm),6,Bebop,Bb,256,9,10
Yardbird Suite (Rosetta),6,Bebop,C,186,6,3
Billie's Bounce,6,Blues,F,154,-,2
Now's The Time,6,Blues,F,154,13,2
Dig (Fast),7,Bebop,Ab,224,9,13
Dig (Slow),7,Bebop,Ab,176,8,3
Four (Fast),7,Bebop,Eb,224,10,9
Four (Slow),7,Bebop,Eb,144,6,1
I Got Rhythm** (Fast),7,Bebop,Bb,216,10,14
I Got Rhythm** (Fast),7,Bebop,Bb,264,11,11
I Got Rhythm** (Slow),7,Bebop,Bb,126,6,8
I Got Rhythm** (Slow),7,Bebop,Bb,160,7,4
Milestones (Old),7,Bebop,Bb,132,6,7
Serpent's Tooth (I Got Rhythm) (Fast),7,Bebop,Bb,216,10,14
Serpent's Tooth (I Got Rhythm) (Slow),7,Bebop,Bb,126,6,8
Solar (Fast),7,Bebop,C-,264,22,12
The Theme (I Got Rhythm) (Fast),7,Bebop,Bb,264,11,11
The Theme (I Got Rhythm) (Slow),7,Bebop,Bb,160,7,4
Tune-Up (Fast),7,Bebop,D,232,9,10
Tune-Up (Slow),7,Bebop,D,168,6,2
Solar (Slow),7,Bebop/Bossa,C-,132,12,5
Vierd Blues,7,Blues,Bb,100,12,3
Airegin,8,Bebop,F-,246,8,8
Blue Seven,8,Bebop,Bb,120,12,4
Doxy,8,Bebop,Bb,134,9,2
I Got Rhythm**,8,Bebop,Bb,270,9,9
Oleo (I Got Rhythm),8,Bebop,Bb,270,9,9
Pent-Up House,8,Bebop,G,230,17,7
Valse Hot,8,Bebop,Ab,140,14,5
Solid,8,Blues,Bb,230,24,6
Tenor Madness,8,Blues,Bb,230,24,6
St. Thomas,8,Latin,C,208,16,3
Beyond All Limits,9,Bebop (Bossa) ,F,165,4,8
Beyond All Limits,9,Bebop (Swing),F,165,4,8
Blues For Wood,9,Blues,F-,112,22,4
Little Red's Fantasy,9,Contem.,F,130,4,2
In Case You Haven't Heard,9,Contemp.,Bb,190,1+6+1,6
Katrina Ballerina,9,Contemp.,G-,160,5,3
Moontrane,9,Contemp.,Bb,272,8,5
Tomorrow's Destiny,9,Contemp.,F-,230,3,7
Passion,10,Ballad,G-,58,2,5
Black Thursday,10,Bebop,F-,106,3,6
Kentucky Oysters,10,Blues,F,142,10,4
Le Miroir Noir,10,Blues,C,86,8,9
Aulil,10,Contemp.,E,142,6,2
Le Roi,10,Contemp.,C-,272,12,3
Soleil D'Altamira,10,Contemp.,C-,192,4,8
Bossa Belle,10,Standard,C,148,4,7
Jessica,11,Ballad,C-,88,2+7+2,8
And What If I Don't?,11,Bebop,Eb,118,4,4
Eye Of The Hurricane,11,Blues,F-,265,2+18+1,9
Watermelon Man,11,Blues,F,128,7,6
Dolphin Dance,11,Contemp.,Eb,124,4,7
Toys,11,Contemp.,D-,124,2+5+1,5
Cantaloupe Island,11,Modal,F-,132,8,2
Maiden Voyage,11,Modal,D,126,5,3
In A Sentimental Mood,12,Ballad,F,62,2,7
Mood Indigo,12,Ballad,Ab,100,4,5
Prelude To A Kiss,12,Ballad,C,62,2,10
Sophisticated Lady,12,Ballad,Ab,70,2,8
I Let A Song Go Out Of My Heart,12,Standard,Eb,172,5,4
Perdido,12,Standard,Bb,220,7,6
Satin Doll,12,Standard,C,128,4,2
Solitude,12,Standard,Eb,116,4,3
"Take The ""A"" Train",12,Standard,C,162,6,9
Del Sasser,13,Bebop,Eb,252,5,3
Jeanine,13,Bebop,Ab,245,5,8
Work Song,13,Bebop,F-,196,16,2
Sack Of Woe,13,Blues,F,168,6,9
Scotch And Water,13,Blues,C,180,5,4
Unit 7,13,Blues,C,214,6,6
Saudade,13,Standard,Eb,192,1+5.5,5
Cannon-Aid,13,Waltz,C-,132,8,7
I Remember Clifford,14,Ballad,Eb,60,2,7
Along Came Betty,14,Bebop,Ab,114,4,4
Are You Real?,14,Bebop,Eb,214,6,5
Killer Joe,14,Bebop,C,116,5,2
Stablemates,14,Bebop,Db,254,7,8
Whisper Not,14,Bebop,C-,112,5,6
Blues March,14,Blues,Bb,118,12,9
Ease Away Walk,14,Contemp.,C-,74,11,3
Body And Soul**,15,Ballad,Db,82,2,4
Flesh And Spirit (Body And Soul),15,Ballad,Db,82,2,4
The Song Is You**,15,Bebop,C,228,5,8
Another Yew (There Will Never Be) (F),15,Standard,Eb,164,5,6
Another Yew (There Will Never Be) (S),15,Standard,Eb,284,8,2
April (I Remember April),15,Standard,G,276,4,9
Cherokee**,15,Standard,Bb,294,5,10
It's You (It's You Or No One),15,Standard,F,218,7,7
Share-A-Key (Cherokee),15,Standard,Bb,294,5,10
Stella (Stella By Starlight),15,Standard,Bb,174,6,3
What Is This? (Thing Called Love),15,Standard,C,200,6,5
You're The Song (The Song Is You),15,Standard,C,228,5,8
Some Of The Things I Am**,16,Bebop,Ab,138,5,"D2,11"
Coltrane Blues**,16,Blues,Bb,126,11,"D2,10"
Guess What Key I'm In**,16,Blues,G,112,9,"D2,12"
All The Things You Are**,16,Standard,Ab,138,5,"D2,11"
Bb Rhythm Changes**,16,Standard,Bb,132,4,"D2,9"
Peace,17,Ballad,Bb,61,8,8
Gregory Is Here,17,Bebop,Bb,152,3,7
Nutville,17,Bebop,C-,284,14,9
Silver's Serenade,17,Bebop,E-,137,10,3
Sister Sadie,17,Bebop,G,175,7,6
Jody Grind,17,Blues,Bb-,156,16,5
Song For My Father,17,Latin,F-,137,7,2
The Preacher,17,Standard,F,180,14,4
Barbara,18,Bebop,Eb,164,4,8
Ecaroh,18,Bebop,Db,164,1+5,6
"Lover, Come Back To Me**",18,Bebop,Ab,308,5,9
Mayreh (All God's Chillun),18,Bebop,F,268,10,7
Nica's Dream,18,Bebop,Bb,210,4,5
Quicksilver (Lover Come Back To Me),18,Bebop,Ab,308,5,9
Room 608,18,Bebop,Bb,274,10,4
Strollin',18,Bebop,Db,144,6,2
Summer In Central Park,18,Bebop,F,136,5,3
Tomorrow's Expectations,19,Ballad,Gb,60,2,8
Bonnie's Blue,19,Blues,F,163,17,7
Brite Piece,19,Contemp.,B,220,5,6
Loft Dance,19,Contemp.,Gb,292,21,5
Oasis,19,Contemp.,F,128,9,4
Picadilly Lilly,19,Contemp.,E,184,6,2
Slumber,19,Contemp.,C-,128,4,3
Lookout Farm,19,Free Form,D-,273,-,9
Confirmation**,20,Bebop,F,165,6,10
Confirmed (Confirmation),20,Bebop,F,165,6,10
Bb Blues For Wes,20,Blues,Bb,230,18,5
Groove Blues In F,20,Blues,F,150,14,11
Autumn (Leaves),20,Standard,G-,144,5,3
Autumn Leaves**,20,Standard,G-,144,5,3
Bout You And Me (How About You),20,Standard,Eb,178,6,2
Friends (Just Friends),20,Standard,F,232,8,6
Hotel Grande (There's A Small Hotel),20,Standard,Eb,168,4,4
How About You**,20,Standard,Eb,178,6,2
I Got Rhythm**,20,Standard,Bb,244,8,8
Just Friends**,20,Standard,F,232,8,6
Like Somebody (Like Someone In Love),20,Standard,Eb,145,5,9
Like Someone In Love**,20,Standard,Eb,145,5,9
Nowhere (Out Of Nowhere),20,Standard,G,160,4,7
Out Of Nowhere,20,Standard,G,160,4,7
Rhythm In Bb (I Got Rhythm),20,Standard,Bb,244,8,8
There's A Small Hotel**,20,Standard,Eb,168,4,4
Bb Blues**,21,Blues,Bb,84,8,"D2,15"
F Blues**,21,Blues,F,72,7,"D2,14"
Easy Living,22,Ballad,Eb,52,3,"D1,5"
I Remember You,22,Ballad,F,114,4,"D2,8"
My Ideal,22,Ballad,Eb,136,5,"D1,4"
My Old Flame,22,Ballad,G,70,3,"D1,3"
If I Should Lose You,22,Standard,Bb,134,4,"D2,3"
It Could Happen To You,22,Standard,G,172,7,"D2,4"
Lover (3/4),22,Standard,C,186,5,"D2,5"
Lover (4/4),22,Standard,C,204,4,"D2,9"
Nearness of You,22,Standard,F,82,4,"D1,6"
Out Of Nowhere,22,Standard,G,126,5,"D2,6"
Soon,22,Standard,Eb,178,7,"D2,2"
Stella By Starlight,22,Standard,G,124,7,"D1,2"
Tangerine,22,Standard,F,200,7,"D2,7"
Wives And Lovers,22,Standard,Eb,184,5,"D1,7"
Angel Eyes,23,Ballad,D-,68,4,"D2,2"
But Beautiful,23,Ballad,G,70,4,"D2,7"
Everything Happens To Me,23,Ballad,Bb,70,3,"D1,4"
Here's That Rainy Day,23,Ballad,G,142,5,"D1,2"
I Gave You Violets For Your Furs**,23,Ballad,F,68,3,"D2,5"
I Should Care,23,Ballad,C,100,6,"D1,6"
Imagination,23,Ballad,Eb,70,4,"D1,3"
Polka Dots And Moonbeams,23,Ballad,F,60,3,"D2,4"
Like Someone In Love,23,Standard,C,195,11,"D1,5"
Personality,23,Standard,G,134,6,"D2,6"
Violets For Your Furs,23,Standard,F,68,3,"D2,5"
Will You Still Be Mine?,23,Standard,Bb,208,5,"D2,3"
You Say You Care,23,Standard,F,224,10,"D1,7"
I Can't Get Started,25,Ballad,C,74,3,"D1,6"
It Might As Well Be Spring,25,Ballad,G,68,2,"D1,8"
I've Grown Accustomed To Her Face,25,Ballad,Eb,72,4,"D2,6"
My Foolish Heart,25,Ballad,Bb,74,2,"D1,3"
My Funny Valentine,25,Ballad,C-,78,2,"D2,10"
A Foggy Day,25,Standard,F,208,8,"D1,7"
Come Rain Or Shine,25,Standard,F,154,6,"D2,4"
Have You Met Miss Jones?,25,Standard,F,208,9,"D1,2"
I Could Write A Book,25,Standard,Eb,212,7,"D2,8"
I Love You,25,Standard,F,236,9,"D1,4"
Love Is Here To Stay,25,Standard,F,196,7,"D2,9"
My Favorite Things,25,Standard,E-,224,5,"D1,9"
Old Devil Moon,25,Standard,F,230,6,"D2,7"
September Song,25,Standard,C,130,6,"D1,5"
Speak Low,25,Standard,F,240,5,"D2,5"
Summertime,25,Standard,D-,128,10,"D2,2"
The Party's Over,25,Standard,Eb,70,2,"D2,3"
Crescent,27,Ballad,C-,109,7,8
Naima,27,Ballad,Ab,55,4,4
Like Sonny,27,Bebop,Eb,155,8,5
Blues Minor,27,Blues,F-,245,12,7
Mr. P.C.,27,Blues,C-,260,29,2
Some Other Blues,27,Blues,F,174,18,3
Spiritual,27,Modal,C-,97,-,6
The Promise,27,Modal,G-,164,5,9
Dear Lord,28,Ballad,D,97,2,8
26-2 (Confirmation),28,Bebop,F,210,7,6
Confirmation**,28,Bebop,F,210,7,6
Countdown,28,Bebop,D,255,11,11
Giant Steps (Fast),28,Bebop,B,308,19,5
Giant Steps (Slow),28,Bebop,B,224,14,4
Mr. Day,28,Blues,F#,244,23,10
Up Against The Wall,28,Blues,Ab,150,12,7
A Love Supreme,28,Modal,F-,114,-,9
Impressions (Fast),28,Modal,D-,300,12,3
Impressions (Slow),28,Modal,D-,224,9,2
Together,29,Ballad,F,75,3,4
Action,29,Bebop,D,208,6,8
Invention,29,Bebop,Eb,232,8,2
Jonathan's Waltz,29,Bebop,A,75,5,5
Samba Teekens,29,Bebop,F,246,7,6
Suspended Motion,29,Bebop,D,170,6,3
Blues Allegro,29,Blues,F,125,6,11
Blues Andante,29,Blues,F,70,6,9
Fugato,29,Contemp.,C-,115,4,10
The Flag Is Up,29,Contemp.,F,120,7,7
Reflection,30A&B,Ballad,F,60,2,8
Bye Bye Boston,30A&B,Bebop,C-,176,6,3
Lady's Bounce,30A&B,Bebop,Bb,112,9,6
Tippin' Time,30A&B,Blues,Bb,108,11,2
Bossa For Cheryl,30A&B,Bossa,Eb,120,5,4
Fast Mode Al,30A&B,Modal,Eb-,240,7,5
Samba De Luvsme,30A&B,Samba,G-,240,6,9
Scott's Waltz,30A&B,Waltz,G,190,8,7
Desafinado,31,Standard,F,186,3,6
How Insensitive,31,Standard,D-,120,4,8
Little Boat,31,Standard,Bb,144,11,9
Meditation,31,Standard,C,146,4,3
Once I Loved,31,Standard,F,184,5,7
One Note Samba,31,Standard,Bb,218,7,11
Quiet Nights Of Quiet Stars,31,Standard,C,138,5,5
Summer Samba (So Nice),31,Standard,F,165,6,10
The Girl From Ipanema,31,Standard,F,146,4,2
Wave,31,Standard,D,144,4,4
Chelsea Bridge,32,Ballad,Db,69,3,7
Lover Man,32,Ballad,F,65,3,2
Lush Life,32,Ballad,Db,66,1+2,5
Skylark,32,Ballad,F,72,3,3
Soul Eyes,32,Ballad,C-,69,3,8
You Don't Know What Love Is,32,Ballad,F-,72,3,6
You've Changed,32,Ballad,Eb,70,3,4
Ballad Blues,32,Blues,Bb,65,6,9
Infant Eyes,33,Ballad,Bb,56,3,"D1,4"
Miyako,33,Ballad,E-,72,5,"D1,7"
Virgo,33,Ballad,F,54,2,"D2,4"
Black Nile,33,Bebop,D-,228,7,"D2,9"
Adam's Apple,33,Blues,Ab,178,7,"D2,2"
Footprints,33,Blues,C-,176,11,"D1,3"
Children Of The Night,33,Contemp.,B,212,5,"D2,3"
E.S.P.,33,Contemp.,F,284,10,"D1,5"
El Gaucho,33,Contemp.,E-,184,11,"D2,11"
Fee-Fi-Fo-Fum,33,Contemp.,G-,112,5,"D1,6"
Juju,33,Contemp.,B,178,10,"D2,5"
Nefertiti,33,Contemp.,Ab,116,8,"D2,8"
Night Dreamer,33,Contemp.,G,128,10,"D2,10"
Speak No Evil,33,Contemp.,C-,134,4,"D1,8"
This Is For Albert,33,Contemp.,G,194,6,"D2,6"
Wild Flower,33,Contemp.,Bb,142,4,"D1,9"
Witch Hunt,33,Contemp.,C-,130,7,"D1,2"
Yes And No,33,Contemp.,D,264,6,"D2,7"
Don't Blame Me,34,Ballad,C,69,2.5,"D1,4"
I Left My Heart In San Francisco,34,Ballad,Bb,144,2.5,"D1,11"
Laura,34,Ballad,C,80,4,"D2,7"
Once In Awhile,34,Ballad,Eb,140,3,"D2,3"
Over The Rainbow,34,Ballad,Eb,126,2,"D1,9"
Spring Is Here,34,Ballad,Ab,60,3,"D2,5"
The Shadow Of Your Smile,34,Ballad,G,132,4,"D1,5"
Blue Moon,34,Standard,Eb,105,5,"D2,9"
Invitation,34,Standard,C-,202,5,"D2,6"
Just Friends,34,Standard,F,196,7,"D1,3"
My Secret Love,34,Standard,Eb,276,7,"D1,6"
On Green Dolphin Street,34,Standard,Eb,203,7,"D1,2"
On The Trail,34,Standard,F,122,9,"D2,8"
Star Eyes,34,Standard,Eb,204,8,"D1,8"
Stompin' At The Savoy,34,Standard,Db,160,7,"D2,4"
There Is No Greater Love,34,Standard,Bb,196,8,"D2,2"
Without A Song,34,Standard,Eb,250,6,"D1,10"
You Stepped Out Of A Dream,34,Standard,C,256,9,"D1,7"
Firm Roots,35,Bebop,Eb,264,7,5
Hand In Glove (Love For Sale),35,Bebop,Bb,232,5,9
Cedar's Blues,35,Blues,Bb,192,20,2
Midnight Waltz,35,Blues,C,180,16,8
Bolivia,35,Contemp.,G,106,8,3
Clockwise,35,Contemp.,E,168,5,4
Fantasy In D,35,Contemp.,D,252,7,7
Ojos De Rojo,35,Contemp.,F-,260,14,6
The Maestro,35,Contemp.,B,164,4,10
Ruby My Dear,36,Ballad,Eb,134,3,4
Theme For Ernie,36,Ballad,Ab,116,2,8
I Mean You,36,Bebop,F,200,8,9
Ladybird,36,Bebop,C,200,22,2
Ray's Idea,36,Bebop,Db,204,8,5
Robbin's Nest,36,Bebop,Db,172,7,7
Freight Trane,36,Blues,Ab,216,25,6
All The Things You Are**,36,Standard,Ab,140,5,3
Hipster,36,Standard,Ab,140,5,3
Lonely Street,37,Ballad,F,58,2,10
Samantha,37,Ballad,C,69,3,8
Basie-Straight Ahead,37,Bebop,F,176,5,5
Switch In Time,37,Bebop,F-,168,15,3
A Warm Breeze,37,Standard,F,120,4,7
Hay Burner,37,Standard,F,112,4,4
The Wind Machine (Fast),37,Standard,Eb,264,5,11
The Wind Machine (Slow),37,Standard,Eb,188,3,6
Ya Gotta Try,37,Standard,C,240,7,9
88 Basie Street,37,Swing,C,118,4,2
Ceora,38,Bebop,Ab,134,5,"D2,2"
Chick's Tune,38,Bebop,C,212,8,"D2,9"
Lazy Bird,38,Bebop,G,178,7,"D2,7"
Moments Notice,38,Bebop,Eb,240,8,"D2,8"
Recorda-Me,38,Bebop,A-,184,14,"D2,10"
Blue Train,38,Blues,Eb,116,12,"D1,2"
Isotope,38,Blues,C,188,23,"D1,9"
Locomotion,38,Blues,Bb,232,8,"D2,3"
One For Daddy-o,38,Blues,Bb-,104,11,"D1,4"
Solar Flair,38,Bossa,C-,208,14,"D2,6"
Crisis,38,Contemp.,B-,172,4,"D1,5"
El Toro,38,Contemp.,D-,208,17,"D1,3"
Inner Urge,38,Contemp.,G,188,11,"D1,8"
Marie Antoinette,38,Contemp.,C-,196,15,"D2,5"
Home At Last,38,Standard,Bb,114,4,"D2,4"
Shirley,38,Standard,A-,112,4,"D1,7"
Down And Up,38,Swing,Bb,197,8,"D1,6"
Blue Room,39,Blues,F,120,5,5
Avalon,39,Standard,F,252,10,8
Bye Bye Blackbird,39,Standard,F,138,5,6
Indian Summer,39,Standard,G,92,4,7
"Oh, Lady Be Good",39,Standard,F,92,5,4
Poor Butterfly,39,Standard,Ab,132,6,3
Sweet Georgia Brown,39,Standard,Ab,234,11,2
Too Marvelous For Words,39,Standard,G,138,5,9
A Time For Love,40,Ballad,Bb,76,2,"D2,9"
Early Autumn,40,Ballad,C,66,3,"D2,7"
I Cover The Waterfront,40,Ballad,F,61,2,"D1,7"
Nancy With The Laughing Face,40,Ballad,Eb,60,2,"D2,5"
Round Midnight,40,Ballad,Eb-,58,21/2,"D1,3"
You Go To My Head,40,Ballad,Eb,69,2,"D2,3"
Autumn In New York,40,Standard,F,69,3,"D1,6"
Days Of Wine And Roses,40,Standard,F,88,4,"D1,4"
I Know That You Know,40,Standard,C,264,10,"D2,8"
If I Love Again,40,Standard,F,232,7,"D2,4"
Love For Sale,40,Standard,Bb-,240,3,"D1,8"
Lullabye Of Birdland,40,Standard,Eb,138,7,"D1,2"
Namely You,40,Standard,Bb,138,5,"D2,2"
September In The Rain,40,Standard,Eb,126,4,"D1,5"
"Softly, As In A Morning Sunrise",40,Standard,C-,240,9,"D2,6"
Body And Soul,41,Ballad,Db,63,2,"D1,3"
Misty,41,Ballad,Eb,60,2,"D2,3"
Teach Me Tonight,41,Ballad,Eb,76,2,"D2,10"
That's All,41,Ballad,C,66,2,"D2,7"
What's New?,41,Ballad,C,63,2,"D1,7"
Alone Together,41,Standard,D-,126,3,"D1,2"
Fools Rush In,41,Standard,C,120,5,"D1,8"
I Thought About You,41,Standard,Eb,152,6,"D1,6"
I'm An Old Cowhand,41,Standard,Eb,120,5,"D2,8"
"Lover, Come Back To Me!",41,Standard,Ab,184,4,"D2,5"
The Very Thought Of You,41,Standard,Ab,112,4,"D2,9"
Time After Time,41,Standard,C,138,5,"D1,4"
What Is This Thing Called Love?,41,Standard,C,232,8,"D1,5"
When Your Lover Has Gone,41,Standard,Ab,138,5,"D1,9"
You And The Night And The Music,41,Standard,C-,152,5,"D2,4"
You're My Everything,41,Standard,C,144,5,"D2,2"
Yours Is My Heart Alone,41,Standard,C,200,7,"D2,6"
A Little Of This?,42,Blues,F,100,8,10
Big Apple,42,Blues,E,76,7,9
Downtown Carmi,42,Blues,F#,116,10,11
Dr. Jay,42,Blues,Eb,120,9,8
Kenny'll Make It,42,Blues,Bb,96,8,3
Now Hear This,42,Blues,C,96,8,5
Repetition Blues,42,Blues,Db,96,7,6
Shuffle Duty,42,Blues,Ab,72,6,1
The Bird,42,Blues,D,138,11,7
The Camel,42,Blues,G,100,8,12
Triple-itis,42,Blues,A,72,5,2
Wiggle Waggle,42,Blues,B,66,6,4
A Night In Tunisia,43,Bebop,D-,138,5,4
Afternoon In Paris,43,Bebop,C,124,5,5
Groovin' High,43,Bebop,Eb,150,5,2
High Fly,43,Bebop,Bb,120,5,6
Bluesette,43,Blues,G,132,7,9
West Coast Blues,43,Blues,Bb,120,8,7
All The Things You Are,43,Standard,Ab,132,5,3
I'll Remember April,43,Standard,G,228,6,8
After You've Gone,44,Standard,C,176,6,5
All Or Nothing At All,44,Standard,C,160,4,10
Autumn Leaves,44,Standard,G-,174,7,2
My Shining Hour,44,Standard,Eb,184,6,3
S'posin',44,Standard,Bb,134,6,7
Stormy Weather,44,Standard,Eb,112,2,6
Tenderly,44,Standard,Eb,108,2,4
There Will Never Be Another You,44,Standard,Eb,168,7,8
Witchcraft,44,Standard,F,164,6,9
Laurie,45,Ballad,Bb,66,2,8
Turn Out The Stars,45,Ballad,C,96,3,10
Very Early,45,Ballad,C,84,5,6
Funkallero,45,Bebop,C-,116,10,5
Peri's Scope,45,Bebop,C,126,8,3
Time Remembered,45,Contemp.,C-,108,6,4
Walkin' Up,45,Contemp.,C,108,4,9
Interplay,45,Minor Blues,F-,108,10,7
Waltz For Debby,45,Standard,F,168/112,4,2
Four Brothers,46,Bebop,Ab,120,5,9
A Weaver Of Dreams,46,Standard,C,104,4,6
Basin Street Blues,46,Standard,C,58,4,5
If I Were A Bell,46,Standard,F,126,4,2
Ill Wind,46,Standard,Bb,88,4,10
I'm Glad There Is You,46,Standard,F,66,2,8
Mister Sandman,46,Standard,Bb,160,6,3
Out Of This World,46,Standard,Eb,126,3,7
Prisoner Of Love,46,Standard,Eb,72,2,4
Ah! A Bossa,47,Standard,Gb,112,3,6
Almost Likeâ€¦,47,Standard,E,112,3,8
Bebop O'Rooney,47,Standard,F,116,4,2
Blue Top Expresso,47,Standard,C,100,3,12
Climbing Up,47,Standard,D,112,3,10
Flat Tire! Flat Tire!,47,Standard,Db,132,4,5
Groovin' (I Got Rhythm),47,Standard,Ab,116,3,4
Home Court Advantage,47,Standard,Bb,112,4,1
I Got Rhythm**,47,Standard,Ab,116,3,4
Is This Blues?,47,Standard,Eb,116,4,3
Oh Yell!,47,Standard,G,88,4,11
Put On Your Thinking Cap,47,Standard,B,112,3,7
Slidin' Home,47,Standard,Bb,216,6,15
Weaving Thru Changes,47,Standard,A,120,3,3
I Didn't Know About You,48,Ballad,Db,66,2,7
I Got It Bad,48,Ballad,G,54,2,9
Warm Valley,48,Ballad,Bb,56,2,10
Cottontail,48,Bebop,Ab,194,9,5
C Jam Blues,48,Blues,C,144,13,6
Do Nothing Till You Hear From Me,48,Standard,Bb,80,4,3
In A Mellow Tone,48,Standard,Ab,104,5,2
Just Squeeze Me,48,Standard,F,100,4,8
Don't Get Around Much Anymore,48,Swing,C,104,4,4
Flamingo,49,Ballad,C,60,2,10
Georgia On My Mind,49,Ballad,F,56,2,7
Misty,49,Ballad,Eb,96,2,3
When Sunny Gets Blue,49,Ballad,F,52,3,4
Sugar,49,Bebop,C-,120,12,2
Back At The Chicken Shack,49,Blues,F,88,8,6
On The Sunny Side Of The Street,49,Standard,C,104,4,8
Stranger In Paradise,49,Standard,C,104,3,9
Sunny,49,Standard,A-,118,10,5
Blue In Green,50,Ballad,G-,54,7,6
Seven Steps To Heaven,50,Bebop,F,216,9,7
All Blues,50,Blues,G,104,8,4
Eighty One,50,Blues,C-,104,15,9
Freddie Freeloader,50,Blues,Bb,96,11,2
Joshua,50,Contemp.,D-,216,5,10
Nardis,50,Contemp.,E-,160,7,8
Milestones (New) (Fast),50,Modal,F,200,7,12
Milestones (New) (Slow),50,Modal,F,72,6,5
So What (Fast),50,Modal,D-,164,7,11
So What (Slow),50,Modal,D-,106,6,2
Embraceable You,51,Ballad,G,66,3,3
How Long Has This Been Going On?,51,Ballad,G,69,3,6
I'm A Fool To Want You,51,Ballad,E-,63,2,13
My One And Only Love,51,Ballad,C,56,3,9
The Man I Love,51,Ballad,Eb,63,2,11
I Got Rhythm,51,Standard,Bb,196,3,4
Just One Of Those Things,51,Standard,F,96,3,5
Night And Day,51,Standard,Eb,160,6,2
Tea For Two,51,Standard,Ab,116,6,12
Three Little Words,51,Standard,C,176,10,7
With A Song In My Heart,51,Standard,C,104,4,10
You Do Something To Me,51,Standard,Eb,176,8,8
I Get A Kick Out Of You,51,Swing,F-,168,4,14
Easy Living,52,Ballad,Eb,54,2,10
I Don't Stand A Ghost Of A Chance,52,Ballad,C,60,3,3
Stardust,52,Ballad,C,60,3,5
Sweet Lorraine,52,Ballad,C,72,3,11
Too Young To Go Steady,52,Ballad,F,52,2,13
Emily,52,Standard,C,69,3,6
I'm Getting Sentimental Over You,52,Standard,C,152,7,2
Mr. Lucky,52,Standard,G,92,4,9
Serenata,52,Standard,F,126,6,7
Stars Fell On Alabama,52,Standard,C,66,3,8
The Night Has A Thousand Eyes,52,Standard,G,192,6,12
When Lights Are Low,52,Standard,Eb,104,5,4
Doxy,54,Bebop,Bb,92,8,13
Bb Blues (Shuffle-Time),54,Blues,Bb,88,10,3
F Blues (Tootsie),54,Blues,F,92,10,10
Footprints,54,Blues,C-,108,7,12
Watermelon Man,54,Blues,F,96,8,6
Solar Flair,54,Bossa,C-,104,8,4
III/VI/II/V7,54,Contemp.,F-,92,33,15
Song For My Father,54,Latin,F-,100,5,7
Cantaloupe Island,54,Modal,F-,96,7,11
Impressions,54,Modal,D-,112,5,2
Maiden Voyage,54,Modal,A-,96,3,9
Autumn Leaves,54,Standard,G-,100,4,14
Satin Doll,54,Standard,C,88,6,8
Summertime,54,Standard,D-,108,9,5
Smoke Gets In Your Eyes,55,Ballad,Eb,58,3,8
All The Things You Are (Fast),55,Standard,Ab,260,7,13
All The Things You Are (Slow),55,Standard,Ab,138,6,2
Dearly Beloved,55,Standard,C,160,7,6
I'm Old Fashioned,55,Standard,F,120,5,5
I've Told Ev'ry Little Star,55,Standard,F,108,6,10
Long Ago (And Far Away),55,Standard,F,200,8,9
Pick Yourself Up,55,Standard,F,144,7,12
The Song Is You,55,Standard,C,144,3,3
The Way You Look Tonight,55,Standard,Eb,200,5,7
Why Do I Love You?,55,Standard,Ab,176,9,11
Yesterdays,55,Standard,D-,60,3,4
Monkish,56,Ballad,Eb,48,2,4
Monk's Mood,56,Ballad,Db,52,3,2
Round Midnight,56,Ballad,Eb-,48,3,9
"Ruby, My Dear",56,Ballad,Eb,54,2,7
Epistrophy,56,Bebop,Db,126,8,6
I Mean You,56,Bebop,F,192,9,5
In Walked Bud,56,Bebop,Ab,184,6,3
Off Minor,56,Bebop,G-,160,8,8
Big Blues,56,Blues,Bb,120,15,11
Introspection,56,Contemp.,Db,138,8,10
Well You Needn't,56,Contemp.,F,176,11,1
A Search For Who?,57,Blues,A-,112,13,10
Four On The Floor,57,Blues,F-,96,11,6
Fourths?,57,Blues,F#-,116,15,7
No Smoking,57,Blues,B-,104,12,12
Rufus Did It,57,Blues,D-,126,14,3
South Of The Border,57,Blues,C#-,186,18,2
Speakerphone,57,Blues,Ab-,132,16,9
Special Delivery,57,Blues,Eb-,144,16,4
Speed Trap,57,Blues,E-,126,10,5
Syncopated Plus,57,Blues,Bb-,126,14,11
Up And Down,57,Blues,G-,160,16,8
Who Said That?,57,Blues,C-,100,11,1
Wrap It Up - Minor Blues In All Keys,57,Blues,All,96,12,13
Imagination,58,Ballad,Eb,48,2,8
In The Wee Small Hours,58,Ballad,C,48,3,6
Polka Dots And Moonbeams,58,Ballad,F,60,3,10
When You Wish Upon A Star,58,Ballad,C,58,2,12
Gone With The Wind,58,Standard,Eb,152,6,2
I Hadn't Anyone Till You,58,Standard,F,104,5,13
I'll Take Romance,58,Standard,F,126,6,5
I'm Confessin' That I Love You,58,Standard,Ab,100,4,7
Let's Fall In Love,58,Standard,C,112,5,9
Like Someone In Love,58,Standard,C,116,5,4
Lullaby Of The Leaves,58,Standard,C-,144,6,14
Someday My Prince Will Come,58,Standard,Bb,120,7,11
Unforgettable,58,Standard,G,112,7,3
Easy Living,59,Ballad,Eb,50,2,"D1,6"
I Fall In Love Too Easily,59,Ballad,Eb,48,3,"D1,9"
Moonglow,59,Ballad,C,86,2,"D1,8"
The Nearness Of You,59,Ballad,F,54,2,"D2,9"
Ceora,59,Bossa,Ab,104,4,"D1,7"
Down And Up,59,Contemp.,Bb,184,7,"D1,11"
Caravan,59,Standard,F-,200,5,"D2,5"
Day By Day,59,Standard,G,112,5,"D2,3"
Invitation,59,Standard,C-,120,4,"D1,10"
It Don't Mean A Thing,59,Standard,G-,180,6,"D2,2"
Just Friends,59,Standard,F,120,5,"D2,4"
On Green Dolphin Street (Eb),59,Standard,Eb,138,5,"D1,3"
On Green Dolphin Street {C},59,Standard,C,120,5,"D2,6"
Out Of Nowhere,59,Standard,G,112,4,"D1,5"
Shadow Of Your Smile,59,Standard,G,118,3,"D2,10"
Star Eyes,59,Standard,Eb,120,4,"D1,4"
Stella By Starlight,59,Standard,Bb,108,5,"D2,8"
Sweet And Lovely,59,Standard,C,116,4,"D1,2"
You Stepped Out Of A Dream,59,Standard,C,172,5,"D2,7"
Lament For Booker,60,Ballad,Bb,47,2,11
Birdlike,60,Blues,F,92,21,4
Coral Keys,60,Contemp.,G-,146,6,5
Crisis,60,Contemp.,B-,185,4,8
Dear John,60,Contemp.,B,230,15,9
Red Clay,60,Contemp.,Db-,116,-,12
Sky Dive,60,Contemp.,G-,145,3,7
Up Jumped Spring,60,Contemp.,Bb,135,5,6
Gibraltar,60,Modal,G-,185,7,3
Little Sunflower,60,Modal,D,128,4,2
Pensativa,60,Standard,Gb,170,3,10
Indiana,61,Bebop,Ab,348,13,2
Third Rail,61,Contemp.,Bb,304,9,6
Cherokee (All 12 Keys),61,Standard,Bb,268,12,4
It's You Or No One,61,Standard,F,320,11,5
Lover,61,Standard,C,312,7,9
"Lover, Come Back To Me!",61,Standard,Ab,342,5,3
Secret Love,61,Standard,Eb,336,10,11
The Way You Look Tonight,61,Standard,Eb,300,7,7
Keep It Up,61,Swing,Eb,324,13,10
Patience Plus,61,Swing,Bb,276,9,8
Doujie,62,Bebop,F,200,7,10
Far Wes,62,Bebop,Db,100,3,12
Four On Six,62,Bebop,G-,104,15,3
Full House,62,Bebop,F-,176,5,11
Jingles,62,Bebop,E-,224,5,5
Cariba,62,Blues,F-,160,12,2
D Natural Blues,62,Blues,D,92,9,9
West Coast Blues,62,Blues,Bb,116,8,6
Angel,62,Contemp.,E-,126,6,8
Leila,62,Contemp.,F,72,3,7
Road Song,62,Contemp.,G-,126,6,4
Angela,63,Contemp.,F-,132,5,7
April Mist,63,Contemp.,F,116,4,4
Buffalo Wings,63,Contemp.,F-,120,4,11
Glass Mystery,63,Contemp.,-,66,3,13
Hope Street,63,Contemp.,Eb-,216,12,9
Little Dancer,63,Contemp.,Eb-,168,7,3
Moon Alley,63,Contemp.,F,126,5,2
Sail Away,63,Contemp.,C,126,3,5
Scene,63,Contemp.,G,112,6,8
Suspended View,63,Contemp.,F,112,7,12
The Water's Edge,63,Contemp.,E,132,5,6
Train Shuffle,63,Contemp.,F,128,7,10
Afro Blue,64,Afro-Cuban,F-,184,13,6
Curacao,64,Afro-Cuban,F-,207,7,10
Deliro,64,Bolero,G,80,3,8
II/V7/I (Twelve Keys),64,Bolero,All,108,1,5
Linda Chicana,64,Cha Cha,Bb-,140,5,3
Come Candela,64,Guaracha,G-,192,-,7
Mambo Inn,64,Mambo,F,224,9,4
Manteca,64,Mambo,Bb,208,6,9
Mindanao,64,Mambo,F-,208,10,12
Philly Mambo,64,Mambo,D-,232,12,11
Picadillo,64,Mambo,A-,208,-,13
Sabor,64,Mambo,A-,224,30,2
Moonlight In Vermont,65,Ballad,Eb,60,3,"D1,5"
Algo Bueno,65,Bebop,Db,142,4,"D2,9"
Along Came Betty,65,Bebop,Ab,116,4,"D1,9"
Confirmation,65,Bebop,F,116,5,"D2,5"
Four,65,Bebop,Eb,132,5,"D1,1"
Jeanine,65,Bebop,Ab,160,4,"D1,2"
Moment's Notice,65,Bebop,Eb,176,6,"D2,7"
Nica's Dream,65,Bebop,Bb,112,3,"D1,8"
Oleo,65,Bebop,Bb,200,8,"D2,6"
Stablemates,65,Bebop,Db,112,4,"D2,8"
Tune Up,65,Bebop,D,116,4,"D1,3"
Giant Steps (Bossa),65,Bebop (Bossa),B,110,11,"D2,10"
Giant Steps (Swing),65,Bebop (Swing),B,120,9,"D2,11"
Blues For Alice,65,Bird Blues,F,108,10,"D1,10"
But Not For Me,65,Standard,F,150,4,"D2,3"
Bye Bye Blackbird,65,Standard,F,138,6,"D2,1"
Fly Me To The Moon,65,Standard,C,140,6,"D1,7"
Good Bait,65,Standard,Bb,108,3,"D1,11"
Mean To Me,65,Standard,F,104,3,"D2,4"
Perdido,65,Standard,Bb,132,5,"D1,4"
September Song,65,Standard,C,114,4,"D1,6"
Speak Low,65,Standard,F,116,3,"D2,2"
"Take The ""A"" Train",65,Standard,C,112,4,"D1,12"
A Flower Is A Lovesome Thing,66,Ballad,Db,56,2,10
Blood Count,66,Ballad,D,56,1,12
Chelsea Bridge,66,Ballad,Db,56,3,3
Lush Life,66,Ballad,Db,66,2,5
My Little Brown Book,66,Ballad,Bb,69,2,11
Johnny Come Lately,66,Bebop,C,208,9,9
Rain Check,66,Bebop,F,208,8,8
Drawing Room Blues,66,Blues,C,116,13,7
Isfahan,66,Standard,Db,112,5,6
Satin Doll,66,Standard,C,112,5,4
"Take The ""A"" Train",66,Standard,C&Eb,176,10,1
UMMG,66,Standard,Db,208,8,2
Four (All Keys),67,Bebop,Eb,152,12,6
Solar Flair (All Keys),67,Bossa,C,126,12,1
Autumn Leaves (All Keys),67,Standard,G-,160,12,4
Perdido (All Keys),67,Standard,Bb,138,12,5
Rhythm (All Keys),67,Standard,Bb,184,12,7
Sweet Georgia Brown (All Keys),67,Standard,F,160,12,2
Tune Up (All Keys),67,Standard,D,144,12,3
Confirmation (All Keys),68,Bebop,F,192,12,1
Giant Steps (All Keys),68,Bebop,B,224,26,6
All The Things You Are (All Keys),68,Standard,Ab,200,12,4
It's You Or No One (All Keys),68,Standard,F,232,24,3
Stella By Starlight (All Keys),68,Standard,Bb,132,12,2
Down And Up,68,Swing,All,208,24,5
Bird Gets The Worm,69,Bebop (Latin),Ab,240,7,10
Confirmation,69,Bebop (Latin),F,208,8,13
Dewey Square,69,Bebop (Latin),Eb,184,8,4
Donna Lee,69,Bebop (Latin),Ab,192,8,12
Laird Baird,69,Bebop (Latin),Bb,160,16,7
Marmaduke,69,Bebop (Latin),F,208,8,2
Moose The Mooche,69,Bebop (Latin),Bb,224,10,8
My Little Suede Shoes,69,Bebop (Latin),Eb,148,7,9
Ornithology,69,Bebop (Latin),G,216,8,6
Scrapple From The Apple,69,Bebop (Latin),F,232,8,11
Yardbird Suite,69,Bebop (Latin),C,176,8,5
Barbados,69,Blues (Latin),F,176,19,1
Buzzy,69,Blues (Latin),Bb,216,7,3
Elvinish,70,3/4 Blues,C,116,8,4
Killer Joe,70,Bebop,C,104,5,1
Ladybird,70,Bebop,C,152,10,10
Sugar,70,Bebop,C,108,9,2
Birthplace Blues,70,Blues,Bb,176,16,12
Mr. P.C.,70,Blues,C,200,20,13
Stop-Time Blues,70,Blues,Bb,128,16,7
Misty,70,Bossa,Eb,108,3,8
Afternoon In Paris,70,Standard,C,132,5,6
Blue Moon,70,Standard,Eb,60,2,5
Sweet Georgia Brown,70,Standard,Ab,108,5,9
The Girl From Ipanema,70,Standard,F,116,4,3
You Stepped Out Of A Dream,70,Standard,C,126,5,11
Old Folks,71,Ballad,F,60,2,3
East Of The Sun,71,Standard,G,130,5,4
Falling In Love With Love,71,Standard,Bb,160,7,7
Honeysuckle Rose,71,Standard,F,152,7,1
I Wish I Knew,71,Standard,G,144,6,5
Just Squeeze Me,71,Standard,F,104,5,2
Melancholy Baby,71,Standard,Eb,126,6,9
My Heart Stood Still,71,Standard,F,240,10,11
One O'Clock Jump,71,Standard,Db,152,17,10
Second Time Around (Ballad),71,Standard,C,66,2,6
Second Time Around (Swing),71,Standard,C,126,5,12
The Boy Next Door,71,Standard,Bb,120,7,8
Everything I Have Is Yours,72,Ballad,C,66,2,8
If You Could See Me Now,72,Ballad,Eb,56,3,2
I'm Thru With Love,72,Ballad,F,88,2,11
Try A Little Tenderness,72,Ballad,C,58,2,5
I'm In The Mood For Love,72,Standard,C,116,6,12
Jitterbug Waltz,72,Standard,Eb,152,5,3
"Just You, Just Me",72,Standard,C,152,9,7
Poinciana,72,Standard,G,150,6,4
Street Of Dreams,72,Standard,Eb,104,11,1
That Old Feeling,72,Standard,Eb,138,6,6
The Lamp Is Low,72,Standard,G,240,9,10
The Touch Of Your Lips,72,Standard,C,96,5,9
The Meeting,73,3/4 Blues-ish,F,228,9,12
Patterns,73,3/4 Modern,C-,189,5,10
Elegy For A Duck,73,6/4 Blues,C-,138,11,6
Six And Four,73,6/4 Blues,F,138,11,2
"Black, Brown & Beautiful",73,Ballad,Eb,54,2,9
Latino,73,Bebop,Eb,208,9,3
Straight Ahead,73,Bebop,G,250,3,11
I Remember Bird,73,Blues,F,84,9,4
Stolen Moments,73,Blues,C-,104,10,1
Teenie's Blues,73,Blues,F,138,14,5
In Passing,73,Cycle,G,132,14,8
Alto-itis,73,Swing,Bb,252,10,7
West Coast Blues,74,Blues,Bb,152,14,8
Body And Soul,74,Bolero,Db,92,2,6
Don't Blame Me,74,Bolero,C,92,4,12
I Can't Get Started,74,Bolero,C,84,4,3
Soul Eyes,74,Bolero,Eb,92,2,9
Desafinado,74,Bossa,F,184,5,1
Forest Flower (Sunrise),74,Cha Cha,A,112,4,2
What's New?,74,Cha Cha,C,120,6,7
Have You Met Miss Jones?,74,Mambo,F,184,10,4
Opus De Funk,74,Mambo,F,208,27,5
St. Thomas,74,Mambo,C,224,18,10
What Is This Thing Called Love,74,Mambo,C,240,11,11
26-2,75,Bebop,F,225,10,"D2,10"
Central Park West,75,Bebop,B,66,10,"D2,3"
Countdown,75,Bebop,D,304,26,"D2,13"
Giant Steps,75,Bebop,Eb,308,19,"D2,12"
Satellite,75,Bebop,G,260,11,"D2,11"
Uncommon Tones,75,Bebop,Eb ,132,12,"D2,2"
Step By Step,75,Bossa,Eb,116,10,"D2,1"
In A Melatonin,75,Cont. 3/4,Eb,104,3,"D2,6"
Exotica,75,Contemp.,C,124,2,"D2,5"
Fifth House,75,Latin/Swing,C,224,9,"D2,7"
The Night Has A Thousand Eyes,75,Latin/Swing,G,216,6,"D2,9"
Body And Soul,75,Standard,Db,110,2,"D2,4"
But Not For Me,75,Standard,Eb,208,9,"D2,8"
10/17/21,76,Bebop,Db,126,3,11
April In August,76,Bebop,C,156,6,6
Changes,76,Bebop,C,144,6,9
Eclipse,76,Bebop,C,148,7,7
Everybody's Song,76,Bebop,C,146,6,3
Illegal Entrance,76,Bebop,Db,148,4,13
Kirsten And Her Puppy Katie,76,Bebop,F,120,6,12
To The Fore,76,Bebop,C,162,7,10
Velvet Rose,76,Bebop,C,138,7,5
Aulil,76,Contemp.,E-,152,6,8
At Twilight,76,Latin,C,156,6,4
Preparatory Exercise #2,76,Latin/Swing,-,140,2,2
Preparatory Exercise #1,76,Swing/Latin,-,140,2,1
Bluellespie,77,Blues,Bb,114,13,5
Chucho,77,Blues,D-,180,19,8
Christmas Without You,77,Bolero,Eb,76,3,4
Chick,77,Funk,Bb,248,9,12
Guataca City,77,Latin,G-,120,15,1
La Dama Y El Vagabundo,77,Latin,Eb,142,10,11
Lorenzo's Wings,77,Latin,C-,116,8,3
Memories,77,Latin,F,120,1,7
Wapango,77,Latin,C-,134,11,13
Gdansk,77,Latin/Funk,D-,100,11,6
A Night In Englewood,77,Slow Bossa,A,108,5,2
El Cura,77,Swing/Latin,C,208,7,10
South Of The Waltz,77,Waltz,E-,188,5,9
Auld Lang Syne,78,Ballad,F,69,8,6
Have Yourself A Merry Little Christmas,78,Ballad,C,100,4,5
I'll Be Home For Christmas,78,Ballad,C,56,5,10
Silent Night,78,Ballad,C,100,7,9
I Saw Mommy Kissing Santa Claus,78,Bossa,C,108,4,1
Let It Snow,78,Swing,F,120,5,4
Rudolph The Red-Nosed Reindeer,78,Swing,C,144,6,7
Santa Claus Is Coming To Town,78,Swing,C,120,6,3
Sleigh Ride,78,Swing,G,252,5,8
Winter Wonderland,78,Swing,Eb,116,5,2
We Three Kings,78,Waltz,E-,126,4,11
After You've Gone,79,Standard,F,216,8,11
Avalon,79,Standard,F,138,5,1
Bill Bailey,79,Standard,Bb,138,7,10
"Bye, Bye, Blues",79,Standard,C,232,10,6
I'm Always Chasing Rainbows,79,Standard,G,126,6,3
Ja-Da,79,Standard,F,138,11,7
Margie,79,Standard,F,240,9,12
Rose Room,79,Standard,Ab,120,5,2
St. Louis Blues,79,Standard,G7,100,12,5
Three O'Clock In The Morning,79,Standard,C,116,6,4
Toot Toot Tootsie,79,Standard,C,224,9,9
You Made Me Love You,79,Standard,Eb,88,4,8
Baby Won't You Please Come Home,80,Ballad,G,58,5,4
I Hear A Rhapsody,80,Standard,Eb,188,9,7
Indiana,80,Standard,Ab,182,9,1
Look For The Silver Lining,80,Standard,Eb,154,7,8
My Melancholy Baby,80,Standard,Eb,116,5,6
Peg O' My Heart,80,Standard,Bb,126,10,3
Poor Butterfly,80,Standard,Ab,118,6,11
Some Of These Days,80,Standard,F,138,6,2
Somebody Stole My Gal,80,Standard,Eb,176,5,9
They Didn't Believe Me,80,Standard,F,136,6,5
When The Saints Go Marching In,80,Standard,F,154,12,12
Billy Boy,80,Swing,C,252,7,10
Master Of The Obvious,81,Ballad,A-,-,5,9
Down Time,81,Blues,D,130,6,2
For Lydia,81,Bossa,F,132,6,6
Easy Nuff,81,Contemp.,G-,288,6,13
Falling Stones,81,Contemp.,A-,60,4,4
Off A Bird,81,Contemp.,-,200,-,7
What It Is,81,Funk,Eb,122,-,12
Dancing On Bird's Grave,81,Latin,F,220,4,15
India,81,Modal,G,248,-,5
The Sun King,81,Modal,D,116,-,14
All Blues,81,Rehar. Stand.,G,120,10,3
Dancing In The Dark,81,Rehar. Stand.,Eb,116,3,10
Maiden Voyage,81,Rehar. Stand.,E-,120,4,11
Nica's Dream,81,Rehar. Stand.,Bb-,132,4,1
On Green Dolphin Street,81,Rehar. Stand.,Eb,240,9,8
Boston Bernie,82,Bebop,Ab,176,6,11
Dexology,82,Bebop,Bb,152,7,9
For Regulars Only,82,Bebop,Db,168,6,7
Fried Bananas,82,Bebop,Eb,176,7,1
I Want More,82,Bebop,Ab,232,7,12
Montmartre,82,Bebop,Bb-,208,6,3
Soul Sister,82,Bebop,G,138,16,8
Sticky Wicket,82,Bebop,Bb,138,13,2
The Rainbow People,82,Bebop,Eb,112,5,5
Tivoli,82,Bebop,Db,108,3,10
Antabus,82,Blues,C-,280,27,14
Long Tall Dexter (aka LTD),82,Blues,Bb,204,20,13
Catalonian Nights,82,Latin,Bb-,168,6,6
Apple Jump,82,Rhythm,F,164,6,4
African Skies,83,6/8 Fusion,F,92,-,2
And Then She Wept,83,Ballad,Eb,50,3,7
Straphangin',83,Funk,D,92,-,10
"Funky Sea, Funky Dew",83,Funk Ballad,F-,84,-,4
Some Skunk Funk,83,Funk/Fusion,G-/F-,147,-,5
Slang,83,Fusion,C-,112,-,8
Sponge,83,Fusion,F,186,-,1
Song For Barry,83,Latin Funk,Bb-,130,-,6
Above and Below,83,Latin Fusion,Ab,138,-,9
Inside Out,83,Shuffle Blues,F,132,-,3
Round About,84,Bossa,Eb,110,3,"D2,15"
Indiana,84,Standard,Ab,132,5,"D2,14"
Sweet Georgia Brown,84,Standard,Ab,172,6,"D2,13"
Dream,85,Contemp.,C-,100,8,7
Cantaloupe Island,85,Rehar. Stand.,F-,110,9,2
I Hear A Rhapsody,85,Rehar. Stand.,Eb,240,10,11
Maiden Voyage,85,Rehar. Stand.,E-,116,6,4
On Green Dolphin Street,85,Rehar. Stand.,Eb,168,8,3
Smoke Gets In Your Eyes,85,Rehar. Stand.,Eb,54,2,6
"Softly, As In A Morning Sunrise",85,Rehar. Stand.,C-,252,12,9
Song For My Father,85,Rehar. Stand.,F-,126,7,1
Stella By Starlight,85,Rehar. Stand.,Bb,240,8,8
Watermelon Man,85,Rehar. Stand.,F,120,11,5
Yesterdays,85,Rehar. Stand.,D-,224,12,10
Juicy Lucy,86,Bebop,F,120,7,1
Moon Rays,86,Bebop,Eb,126,4,4
Penny,86,Bebop,Bb,264,11,9
Shoutin' Out,86,Bebop,F,208,9,3
The Hardbop Grandpop,86,Bebop,Ab,204,8,7
Mary Lou,86,Bebop (Latin),C-,208,11,2
Doodlin',86,Blues,Db,112,13,12
Serenade To A Soul Sister,86,Blues,Eb,140,11,8
Tokyo Blues,86,Blues,C-,184,18,5
Senor Blues,86,Blues (Latin),Eb-,120,9,10
Jungle Juice,86,Contemp.,E-,200,4,11
Pretty Eyes,86,Contemp.,Eb-,168,10,6
People Time,87,Ballad,G,66,2,3
Doozy,87,Bebop,F,200,4,7
Easy Money,87,Bebop,F,176,7,5
The Romp,87,Blues,C,116,16,13
Summer Serenade,87,Bossa,F,116,4,4
The Courtship,87,Bossa,Eb,96,3,10
Hello,87,Contemp.,Ab,152,5,6
Southside Samba,87,Samba,F,132,5,11
All That Jazz,87,Standard,F,152,5,12
"Another Time, Another Place",87,Standard,F,176,7,2
Evening Star,87,Standard,F,88,3,9
When Lights Are Low,87,Standard,Eb,140,6,1
"You, Only You",87,Standard,Bb,132,2,8
Dance Of The Infidels,88,Bebop Blues,F,152,15,10
Solar,88,Blues,C-,160,17,3
"Stop, Stop, Stop-Time Blues",88,Blues,F,120,15,12
3/4 Double-Up Blues,88,Blues in 3/4,Eb,144,12,5
Three Plus Two,88,Blues In 5/4,C-,144,12,13
E.T.'s Blues,88,Blues w/Bridge,Bb,336,7,14
Faster Than Whiz,88,Blues w/Bridge,Eb,208,5,11
Bertha's Bossa,88,Bossa Blues,F-,120,13,7
Lame Duck,88,Bossa Blues,Bb,120,4,2
The Real McCoy,88,Bossa Blues,D-,132,12,4
In A Minor Mood,88,Minor Blues,C-,120,9,6
Sweet Combustion,88,Minor Blues,C-,126,14,8
Hustle And Shuffle,88,Shuffle Blues,G,112,12,9
Achin' And Breakin',88,Slow Blues,F,56,7,1
Can't We Be Friends,89,Standard,F,108,6,2
Darn That Dream,89,Standard,G,58,2,7
For Heaven's Sake,89,Standard,F,52,2,3
I Can't Give You Anything But Love (Fast),89,Standard,Eb,216,7,13
I Can't Give You Anything But Love (Slow),89,Standard,Eb,126,6,4
Idaho,89,Standard,F,252,9,12
My Ship,89,Standard,F,56,2,11
No More Blues,89,Standard,D-,250,4,8
The Gentle Rain,89,Standard,C-,86,3,5
The Things We Did Last Summer,89,Standard,G,63,2,9
This Can't Be Love,89,Standard,G,200,10,1
Who Can I Turn To,89,Standard,Eb,108,5,6
Who Cares?,89,Standard,C,160,7,10
Take Five,90,5/4 Standard,Eb-,126,2+vamp,6
Backdoor Shuffle (Shuffle Blues),90,Blues,F,116,11,8
First Step,90,Contemp.,C-,100,4,1
Major Scales in 5/4,90,Contemp.,-,104,2,5
Seven For Twelve,90,Contemp. 7/4,F,168,12,9
Guido Rides Again,90,Contemp.4/4-3/4,C-,162,11,4
The Girl From Ipanema,90,"Latin, in 7/4",F,112,4,7
Blue Minor (Latin Minor Blues),90,Minor Blues,Bb-,116,9,2
On Green Dolphin Street,90,"Standard,4/4-3/4",Eb,138,8,3
My Favorite Things,90,"Standard,6/4-5/4",E-,126,4,10
You Know I Care,91,Ballad,Db,36,2,6
Our Delight,91,Bebop,Ab,160,7,11
Repetition,91,Bossa Nova,Eb,138,6,2
Bernie's Tune,91,Contemp.,D-,216,8,10
Blue Daniel,91,Contemp.,D,126,13,3
A Child Is Born,91,Standard,Bb,92,6,7
Azule Serape,91,Standard,F,216,7,1
Beatrice,91,Standard,F,132,9,4
Dear Old Stockholm,91,Standard,G-,144,5,5
Limehouse Blues (Fast),91,Standard,Ab,264,9,12
Limehouse Blues (Slow),91,Standard,Ab,232,11,9
On A Slow Boat To China,91,Standard,Bb,176,6,8
Remember When,92,Ballad,Ab,69,3,5
Back On Track,92,Contemp.,Bb,184,4,8
Betwixt And Between,92,Contemp.,C-,168,6,9
Gone But Not Forgotten,92,Contemp.,F,108,4,2
Making The Rounds,92,Contemp.,F,152,6,3
Metamorphosis,92,Contemp.,G,130,6,12
Moving Right Along,92,Contemp.,Bb,184,5,11
Pat's Retort,92,Contemp.,Eb,160,7,13
Patterns,92,Contemp.,F,200,7,14
Point Of No Return,92,Contemp.,F,152,5,7
Rush Hour,92,Contemp.,Bb,180,8,4
Try For Five,92,Contemp.,Bb-,152,5,10
Waltz For Spring,92,Contemp.,Bb,160,4,6
Turn-Around,92,Minor Blues,A-,160,18,1
Body And Soul,93,Ballad,Db,56,2,8
Autumn In New York,93,Ballad/Bossa,F,54,2,6
Ornithology,93,Bebop,G,184,8,12
Perhaps,93,Bebop,C,166,20,4
Moon And Sand,93,Bossa,D-,108,3,11
What's New?,93,Bossa,C,112,5,5
Guitar On Top,93,Contemp.,C-,184,8,10
Mr. Green,93,Contemp.,D-,164,9,3
There Will Never Be Another You,93,Samba,Eb,192,7,7
On Green Dolphin Street,93,Standard,Eb,164,7,1
Stella By Starlight,93,Standard,Bb,120,6,2
The End Of A Love Affair,93,Standard,F,168,6,9
Good-Bye,94,Ballad,C,56,2,10
Hot House,94,Bebop,C,216,10,7
Chi Chi,94,Blues,Ab,176,20,4
Estate,94,Bossa Nova,A-,112,3,5
The Old Country,94,Contemp.,D-,92,8,3
All Or Nothing At All,94,Standard,A-,168,4,11
As Time Goes By,94,Standard,Eb,104,4,6
Blue And Sentimental,94,Standard,Eb,84,7,9
Close Your Eyes,94,Standard,Eb-,252,10,8
Crazy Rhythm,94,Standard,F,118,10,1
On A Clear Day,94,Standard,G,132,5,2
Windows,95,3/4,B-,140,6,3
Little B's Poem,95,3/4 Waltz,F-,144,15,7
It's The Talk Of The Town,95,Ballad,F,63,2,5
Spotty,95,Blues,C,208,24,9
500 Miles High,95,Bossa,C-,126,12,6
A Bientot,95,Bossa,C-,144,3,8
Only Trust Your Heart,95,Bossa,F,144,5,11
Triste,95,Bossa,Bb,176,7,12
"Free, Is Free",95,Latin/Swing,C,212,5,2
All Of Me,95,Swing,C,160,7,1
Parisian Thoroughfare,95,Swing,F,200,8,4
Teaneck,95,Swing,Bb,232,8,10
Arthur's Dance,96,Latin/Fusion,G-,128,-,8
Ivory Coast,96,Latin/Fusion,Gb,132,-,6
Jamboree,96,Latin/Fusion,F-,132,-,1
Latin Quarter,96,Latin/Fusion,C,184,-,3
One For Tom,96,Latin/Fusion,A-,120,-,9
One Step Ahead,96,Latin/Fusion,F#,106,-,2
Paco And Dave,96,Latin/Fusion,D7,126,-,7
Rain Forest,96,Latin/Fusion,G-,176,-,4
Sadie's Dance,96,Latin/Fusion,G-,96,-,5
Turnabout,96,Latin/Fusion,Eb/F,216,-,10
Autumn In New York,97,Ballad,F-,69,3,7
I Cover The Waterfront,97,Ballad,F,69,2,1
When Your Lover Has Gone,97,Bossa,Ab,138,6,8
You Go To My Head,97,Bossa,Eb,88,2,3
Fools Rush In,97,Swing,C,120,5,2
"Lover, Come Back To Me",97,Swing,Ab,184,4,10
Namely You,97,Swing,Bb,138,5,9
You And The Night And The Music,97,Swing,C-,126,5,6
You're My Everything,97,Swing,C,138,5,5
September In The Rain,97,Waltz,Eb,160,4,4
Desafinado (Slightly Out Of Tune),98,Bossa,F,136,3,11
How Insensitive (Insensatez),98,Bossa,D-,126,6,7
Jazz 'N 'Samba (So Danco Samba),98,Bossa,C,168,7,3
Meditation (Meditacao),98,Bossa,C,110,2,9
No More Blues,98,Bossa,D-,184,3,12
O Grande Amor,98,Bossa,A-,116,5,4
Once I Loved (O Amor En Paz),98,Bossa,D-,164,5,10
One Note Samba (Samba De Uma Nota So),98,Bossa,Bb,160,5,6
Quiet Nights Of Quiet Stars (Corcovado),98,Bossa,C,132,5,1
The Girl From Ipanema (Garota De Impanema),98,Bossa,F,144,4,8
Triste,98,Bossa,Bb-,152,6,5
Wave (Vou Te Contar),98,Bossa,D,131,4,2
If You Could See Me Now,99,Ballad,Ab,56,3,4
Soultrane,99,Ballad,Eb,80,3,7
You're A Joy,99,Ballad,Ab,56,3,9
Mating Call,99,Rumba/Swing,F,160,6,11
Good Bait,99,Swing,Bb,108,6,10
Hot House,99,Swing,C,216,8,8
Ladybird,99,Swing,C,152,13,3
On A Misty Night,99,Swing,Eb,126,5,2
Our Delight,99,Swing,Ab,160,7,5
Super Jet,99,Swing,Bb,250,11,6
Tadd's Delight,99,Swing,Ab,176,7,1
The Scene Is Clean,99,Swing,Ab,138,6,12
After You've Gone,100,Dixieland,Bb,200,6,14
Alexander's Ragtime Band,100,Dixieland,F,224,7,4
Bill Bailey,100,Dixieland,F,196,7,16
Chicago,100,Dixieland,Eb,180,6,11
Darktown Strutter's Ball,100,Dixieland,C,220,10,3
Indiana,100,Dixieland,F,214,6,15
Lime House Blues,100,Dixieland,Ab,264,9,12
Margie,100,Dixieland,F,208,8,10
Royal Garden Blues,100,Dixieland,F,184,15,2
St. James Infirmary,100,Dixieland,D-,86,8,9
St. Louis Blues,100,Dixieland,G,130,6,8
That's A Plenty,100,Dixieland,D-,240,5,7
The Sheik Of Araby,100,Dixieland,Bb,238,8,5
Tiger Rag,100,Dixieland,Bb,260,12,13
Way Down Yonder In New Orleans,100,Dixieland,F,138,6,6
When The Saints Go Marching In,100,Dixieland,F,254,14,1
Gone Forever,101,Ballad,F,70,4,11
Shania,101,Ballad,Eb,110,3,8
There's No There There,101,Ballad,D-,215,9,12
Anticipointment,101,Latin,Eb,160,5,3
Process Of Illumination,101,Latin,D-,120,7,9
Secret Of The Andes,101,Latin,Db,120,8,7
Bilbao,101,Swing,G-,160,6,2
Good Luck With Your Music,101,Swing,F,140,6,1
Portrait Of Dorian Mode,101,Swing,Eb,200,6,5
Subject To Change,101,Swing,A-,245,10,4
Walking On The Moon,101,Swing,C-,185,20,10
A Loan To Gather,101,Waltz,C-,138,7,6
You Can Tell,102,3/4,B,114,6,6
Invisible Light,102,Ballad,Eb,50,3,11
Red's Blues,102,Blues,Bb,150,12,5
Con Brio,102,Latin,Bb,250,14,7
Wind Print,102,Latin,G,160,6,4
Different Places Together,102,Latin/Bossa,Bb,138,5,3
I Ching Reading,102,Swing,E,192,6,14
Inside Out,102,Swing,Eb,178,7,8
Optimum Propensity,102,Swing,Ab,130,6,1
Out House,102,Swing,Bb,260,9,2
Simultaneous Looks,102,Swing,C-,208,10,10
Sound Advice,102,Swing,Db,144,5,12
The Ray,102,Swing,Gb,240,6,13
Wiggy,102,Swing,C#-,124,6,9
As We Speak,103,Fusion,A-,120,4,9
Chicago Song,103,Fusion,C-,72,4,5
Corners For Herbie,103,Fusion,E-,114,5,8
Full House,103,Fusion,F,110,4,7
Hideaway,103,Fusion,Eb-,100,4,10
Imogene,103,Fusion,G-,80,2,4
Lisa,103,Fusion,E,100,4,2
Run For Cover,103,Fusion,E-,100,4,1
Snakes,103,Fusion,G-,120,4,3
Straight To The Heart,103,Fusion,Eb,72,9,6
Unisphere,105,5/4 Swing,Eb,183,5,6
All My Love,105,Ballad,A-,48,2,8
Here Comes McBride,105,Blues,C-,152,16,10
Travelin' Blues,105,Blues,F,69,6,4
Broadway Bossa Nova,105,Latin,G,196,7,5
In Your Own Sweet Way,105,Swing,A-,104,5,2
Take 5,105,Swing,Eb,188,-,1
The Basie Band Is Back In Town,105,Swing,F,138,5,7
The Duke,105,Swing,C,124,5,3
Why Not,105,Swing,F,194,7,12
Three To Get Ready,105,Waltz,C,156,14,9
Waltzing,105,Waltz,G-,196,6,11
Our Man Higgins,106,Blues,Bb,240,14,14
The Double Up,106,Blues,F,116,15,1
Ceora,106,Bossa,Ab,126,6,3
Sidewinder,106,Bossa Blues,Eb,160,9,2
Mr. Kenyatta,106,Latin,G-,216,7,7
Totem Pole,106,Latin,Eb-,138,5,6
Party Time,106,Swing,Ab-,112,14,8
Something Cute,106,Swing,G-,238,9,4
Speedball,106,Swing,Db,184,10,12
Stopstart,106,Swing,G-,240,9,13
Zambia,106,Swing,C,236,12,11
Kozo's Waltz,106,Waltz,Bb,176,13,5
Morgan The Pirate,106,Waltz,Eb,168,6,10
The Gigolo,106,Waltz,Eb-,152,4,9
Body And Soul,107,Ballad,Bb,63,2,"D2,2"
Fools Rush In,107,Ballad,G,92,2,"D2,10"
I Cover The Waterfront,107,Ballad,Eb,69,2,"D1,6"
It Had To Be You,107,Ballad,Eb,126,4,"D1,1"
Misty,107,Ballad,C,63,2,"D1,2"
My Funny Valentine,107,Ballad,Am/C,63,2,"D1,12"
Skylark,107,Ballad,C,69,2,"D2,4"
Stardust,107,Ballad,Ab,80,3,"D1,8"
Stars Fell On Alabama,107,Ballad,Ab,88,2,"D1,4"
That's All,107,Ballad,Ab,80,2,"D1,10"
What's New?,107,Ballad,G,63,2,"D2,8"
You Go To My Head,107,Ballad,C,72,2,"D2,6"
Love For Sale,107,Latin/Swing,F-,208,4,"D2,12"
A Foggy Day,107,Swing,C,168,4,"D2,11"
Alone Together,107,Swing,A-,126,4,"D2,3"
But Not For Me,107,Swing,Bb,168,4,"D1,9"
Bye Bye Blackbird,107,Swing,C,200,5,"D2,5"
Days Of Wine And Roses,107,Swing,C,126,3,"D1,7"
East Of The Sun,107,Swing,Eb,138,3,"D2,7"
I Thought About You,107,Swing,C,120,4,"D2,1"
September In The Rain,107,Swing,C,126,4,"D1,5"
Summertime,107,Swing,D-,132,7,"D1,11"
Time After Time,107,Swing,Ab,138,4,"D1,3"
What Is This Thing Called Love,107,Swing,G,152,4,"D2,9"
Granted,108,Blues,C-,212,20,13
Homestretch,108,Blues,Bb,230,21,15
Isotope,108,Blues,C,182,17,7
Mamacita,108,Blues,F,172,11,9
Step Lightly,108,Blues,C,112,8,1
Recorda Me,108,Latin,A-,172,13,2
A Shade Of Jade,108,Swing,C-,236,6,6
Inner Urge,108,Swing,G,208,10,3
Jinriksha,108,Swing,Db,180,6,12
Mo' Joe,108,Swing,F-,200,15,14
Out Of The Night,108,Swing,F-,120,10,4
Punjab,108,Swing,D,158,10,11
Serenity,108,Swing,Eb,160,12,8
The Kicker,108,Swing,Bb,220,18,10
Black Narcissus,108,Waltz,Ab-,130,8,5
The Spirit Soars,109,3/4 Bossa Nova,F,120,7,5
Breather,109,3/4 Samba,Bb,96,4,9
Pentatonic,109,Agitated Rock,Ab,132,5,12
Rising Star,109,Ballad,C,60,3,7
The Essence,109,Funk,Eb,92,4,8
I've Got It,109,Hip-Hop,Bb,192,7,10
The Slither,109,Hip-Hop,F,144,7,4
Back On The Track,109,Latin-Funk,D-,176,3,6
Crib Chimp,109,Latin-Funk,F,124,5,3
Samba de Luvsme,109,Samba,E-,272,8,2
The Cat From Caracas,109,Samba,Eb,200,4,1
It Takes Two,109,Tango,E,76,4,11
Body And Soul,110,Ballad,Db,64,3,1
Dancing In The Dark,110,Ballad,C,94,4,8
Embraceable You,110,Ballad,G,74,3,12
I Can't Get Started,110,Ballad,C,74,3,3
I Could Write A Book,110,Ballad,Eb,112,5,4
I Didn't Know What Time It Was,110,Ballad,G,78,2,7
I Only Have Eyes For You,110,Ballad,C,90,3,6
I Thought About You,110,Ballad,Eb,60,4,9
Love Is Here To Stay,110,Ballad,F,90,4,5
Someone To Watch Over Me,110,Ballad,Eb,76,2,10
When I Fall In Love,110,Ballad,Eb,100,4,2
Where Or When,110,Ballad,Eb,88,3,11
Mohawk,111,6/4 Swing,F,160,13,5
Lament,111,Ballad,F,108,4,2
Fatback,111,Blues,F,112,10,15
Lament,111,Bossa,F,56,2,3
Boneology,111,Swing,Db,138,6,1
Coffee Pot,111,Swing,F,240,9,13
Flat Black,111,Swing,C,232,9,8
In Walked Horace,111,Swing,Bb,192,6,4
Interlude,111,Swing,C,250,5,6
Kenya,111,Swing,Bb,120,5,7
Shutterbug,111,Swing,G-,224,14,11
Shutterbug,111,Swing,G-,252,13,12
Ten-85,111,Swing,C-,252,10,10
Turnpike,111,Swing,Bb,276,10,14
May I Have Dis (This) Dance,111,Waltz,F,152,8,9
All Of You,112,Standard,Eb,144,7,3
Don't Fence Me In,112,Standard,F,120,5,7
Dream Dancing,112,Standard,C,132,5,7
Easy To Love,112,Standard,G,160,5,9
Easy To Love,112,Standard,G,264,10,10
Ev'rything I Love,112,Standard,Eb,200,8,3
From This Moment On,112,Standard,Db,240,4,11
Get Out Of Town,112,Standard,Bb,116,4,8
I Concentrate On You,112,Standard,Eb,144,4,1
I Get A Kick Out Of You,112,Standard,Eb,168,4,4
I Love You,112,Standard,F,144,7,2
In The Still Of The Night,112,Standard,F,252,5,10
It's All Right With Me,112,Standard,Eb,264,5,11
I've Got You Under My Skin,112,Standard,Eb,144,4,6
Just One Of Those Things,112,Standard,F,240,5,9
Love For Sale,112,Standard,Bb,176,4,5
Night and Day,112,Standard,Eb,120,5,4
You Do Something To Me,112,Standard,Eb,138,4,8
You'd Be So Nice To Come Home To,112,Standard,C,126,6,5
At Long Last Love,112,Swing,Ab,120,6,6
So In Love,112,Swing,Ab,132,3,1
What Is This Thing Called Love,112,Swing,C,184,9,2
Body And Soul,113,Ballad,A,64,2,1
Body And Soul,113,Ballad,C,64,2,1
Embraceable You,113,Ballad,Db,74,2,5
Embraceable You,113,Ballad,F,74,2,5
I Can't Get Started,113,Ballad,Bb,74,2,3
I Can't Get Started,113,Ballad,G,74,2,3
I Didn't Know What Time It Was,113,Ballad,D,120,3,16
When I Fall In Love,113,Ballad,C,86,2,2
When I Fall In Love,113,Ballad,Eb,86,2,2
Dancing In The Dark,113,Ballad Swing,C,130,4,17
Dancing In The Dark,113,Ballad Swing,Eb,94,2,9
I Didn't Know What Time It Was,113,Ballad Swing,F,78,2,8
I Thought About You,113,Ballad Swing,Bb,108,4,18
I Thought About You,113,Ballad Swing,C,60,2,10
Love Is Here To Stay,113,Ballad Swing,C,90,2,6
Love Is Here To Stay,113,Ballad Swing,Eb,132,4,14
Where Or When,113,Ballad Swing,C,126,3,19
Where Or When,113,Ballad Swing,Eb,88,2,12
Someone To Watch Over Me,113,Balled,Ab,76,2,11
Someone To Watch Over Me,113,Balled,C,76,2,11
I Could Write A Book,113,Fast Swing,Bb,144,4,13
I Could Write A Book,113,Slow Swing,Ab,112,2,4
I Only Have Eyes For You,113,Swing,A,90,2,7
I Only Have Eyes For You,113,Swing,G,120,3,15
A Blessing In Disguise,114,Ballad,Db,69,2,7
Relaxin',114,Blues,F,112,10,1
Mr. Alex,114,Bossa,C,104,7,4
Peaceful Ideas,114,Bossa,C-,104,2,5
Soulful Times,114,Jazz Waltz,F,104,3,3
I Remember Grant,114,Second Line Boogaloo,G,144,6,8
A Little Stop-Time,114,Swing,Bb,184,6,6
Runnin' & Gunnin',114,Swing,Bb,152,6,2
Little Waltz,115,3/4 Waltz,Ab,94,2,7
Quiet Times,115,Ballad,G,64,2,11
For Toddlers Only,115,Bebop,Bb,252,9,6
Blues For D.P.,115,Blues,G,116,12,1
Eighty-One,115,Blues,C-,126,12,4
Nearly,115,Blues,G,90,7,10
Bomdia,115,Latin,D-,118,4,2
Third Plane,115,Latin/Swing,Bb,156,9,13
Eight,115,Modal,D-,268,9,3
Mr.Bow Tie,115,Samba,C-,108,4,8
First Trip,115,Swing,F,204,7,5
Loose Change,115,Swing,C,130,5,9
R.J.,115,Fast Swing,Eb,280,12,12
All Of You,117,Standard,Bb,144,4,14
All Of You,117,Standard,Eb,144,4,14
At Long Last Love,117,Standard,Bb,138,4,13
At Long Last Love,117,Standard,G,138,4,13
At Long Last Love,117,Standard,,138,4,13
Easy To Love,117,Standard,Eb,168,5,12
Easy To Love,117,Standard,G,168,5,12
From This Moment On,117,Standard,C-,240,3,11
From This Moment On,117,Standard,D-,240,3,11
Get Out Of Town,117,Standard,Eb,184,4,10
Get Out Of Town,117,Standard,G,184,4,10
I Concentrate On You,117,Standard,C,154,3,9
I Concentrate On You,117,Standard,D,154,3,9
I Love You,117,Standard,C,160,5,8
I Love You,117,Standard,Eb,160,5,8
In The Still Of The Night,117,Standard,C,144,2,7
In The Still Of The Night,117,Standard,Eb,144,2,7
I've Got You Under My Skin,117,Standard,Bb,132,2,2
I've Got You Under My Skin,117,Standard,Db,132,2,2
Just One Of Those Things,117,Standard,C,126,3,6
Just One Of Those Things,117,Standard,Eb,126,3,6
Love For Sale,117,Standard,Db,176,4,5
Night and Day,117,Standard,C,160,4,4
Night and Day,117,Standard,D,160,4,4
What Is This Thing Called Love,117,Standard,Bb,184,4,3
What Is This Thing Called Love,117,Standard,G,184,4,3
You'd Be So Nice To Come Home To,117,Standard,E-,152,4,1
You'd Be So Nice To Come Home To,117,Standard,G-,152,4,1
I Can't Get Started,118,Ballad,C,76,3,4
Round Midnight,118,Ballad,Eb-,104,4,6
How High The Moon,118,Bebop,G,232,9,11
Big Easy,118,Blues,Ab,160,15,1
You're Lookin' Good,118,Blues,Bb,166,15,7
East Of The Sun,118,Bossa,A-,144,5,8
Laura,118,Bossa,G-,160,6,5
Falling In Love With Love,118,Standard,Bb,170,8,3
I'm Getting Sentimental Over You,118,Standard,F,150,5,10
Love For Sale,118,Standard,Eb,240,5,12
On Green Dolphin Street,118,Standard,Eb,126,8,2
"Softly, As In A Morning Sunrise",118,Standard,C-,300,10,13
Time Out,118,Rhythm,Bb,264,10,9
Country Corn Flakes,119,Fast Swing,F,224,4,1
Karita,119,Latin,Eb,180,5,2
Lemoncello,119,Funky Swing,C-,184,5,3
Love Remains,119,Ballad,G-,80,2,4
Blues For Alto,119,Blues,Ab,176,16,5
In Case You Missed It,119,Fast Swing,Eb,200,5,6
Beatitudes,119,Latin,Bb,150,4,7
ETA,119,Uptempo Swing,A-,276,7,8
Jewel,119,Ballad,A-,58,8,9
A Wheel Within A Wheel,119,Waltz,D-,196,5,10
Always A Friend,119,Slow Bossa,Eb,76,3,11
Faith In Action,119,Waltz,C,224,7,12
Bb Boogaloo,120,Blues,Bb,126,13,1
Work Song,120,Standard,F,160,11,2
My Slow Blues,120,Slow Blues,F,88,8,3
McDuff's Groove,120,Blues (Shuffle),G,138,12,4
Down Home Boogaloo,120,Blues,Ab,126,12,5
Bossa Blues,120,Blues (Bossa),Bb,116,11,6
Killer Joe,120,Standard,C,126,5,7
Miss C's Shuffle,120,Blues,F,138,13,8
Happy Alice,120,Latin Blues,Eb,160,12,9
"Blues, Blues, Blues",120,Blues,Bb,116,9,10
Modal Blues,120,Blues (24-bar),Bb,232,10,11
Jimmy Smith Shuffle,120,Blues,F,104,12,12
Dirty Blues,120,Blues,Bb,63,6,13
The Search,120,Latin/Swing,C,224,7,14
Drifting,121,Bossa Nova,F,140,4,1
Eddie's Blues,121,Blues (Medium),C,110,10,2
House of Chan,121,Latin/Swing,F,160,5,3
Johnny Hodges,121,Bebop (Medium Fast),G,152,6,4
Lady J,121,Latin,C,120,2,5
The Stanley Stomper,121,Blues,Eb,144,10,6
The Squire's Parlor,121,Swing (Medium),F,200,7,7
Samba Dubois,121,Latin,C,176,5,8
Waltz For A Lovely Wife,121,Waltz,C,140,10,9
Without You,121,Bossa Nova,A-,104,3,10
Sugan,121,Swing,F-,212,8,11
Lew Blew,121,Blues,F,216,14,12
Cool Aid,121,Swing (Medium-Up),Ab,208,6,13
Dutch Morning,121,Waltz (Medium),B-,92,3,14
Gemini,122,Waltz,Eb,194,14,1
Gingerbread Boy,122,Blues,Bb,214,20,2
You Or Me,122,Standard,Eb,186,7,3
Mona's Mood,122,Ballad,Eb,64,2,4
Forever Sonny,122,Samba (Straight 8),Bb,164,5,5
One For Juan,122,Bossa Nova,B-,162,6,6
A Sound For Sore Ears,122,Latin,Ab,178,6,7
New Picture,122,Waltz,Bb,172,6,8
The Voice Of The Saxophone,122,Ballad,C,60,2,9
C.T.A.,122,Swing (Fast),Bb,228,7,10
Sources Say,122,Swing,Ab,188,8,11
Basic Birks,122,Swing,Db,202,6,12
Bopag'in,122,Swing,Eb,240,8,13
Without You - No Me,122,Latin/Swing,Ab,186,6,14
Now's The Time,123,Blues,F,120,14,1
Four On Six,123,Swing,Bb,224,15,2
The More I See You,123,Standard,Eb,100,5,3
Love For Sale,117,Standard,Bb,176,4,5
"Mercy, Mercy, Mercy",123,Funk (Light),Bb,85,,4
Lunch Portion,123,Blues (Shuffle),G,130,11,5
I Fall In Love Too Easily,123,Ballad,Eb,54,4,6
Bye Bye Blackbird,123,Standard,F,150,6,7
"Gee Baby, Ain't I Good To You",123,Ballad,Eb,66,5,8
Indiana,123,Swing,F,132,5,9
February 14th,123,Blues (Shuffle),G,124,4,10
Anthropology,123,Swing,Bb,194,7,11
Summertime,123,Standard,C-,108,8,12
I'm Getting Sentimental Over You,123,Swing,F,144,5,13
Slow Blues,123,Blues,Bb,60,5,14
Obama-Nation,123,Swing,F,124,5,15
Same Beat,124,Bossa Nova,F,80,4,1
Valley,124,BaiÃ£o,A,112,4,2
Railroad,124,AfoxÃ©,Db,112,3,3
Part Tee,124,Partido-Alto,Ab,120,8,4
Invitation Note,124,Bossa Nova,Eb,120,4,5
Byown,124,BaiÃ£o,F-,92,5,6
Afosheriff,124,AfoxÃ©,A,124,3,7
Here We Are!,124,Bossa Nova (Fast),F-,128,5,8
Twice,124,Bossa Nova,F,132,2,9
Korg In,124,BaiÃ£o,F,112,9,10
Away In A Manger,125,Swing Waltz,F,116,5,1
Deck The Hall,125,Swing,F,108,4,2
Greensleeves,125,Swing Waltz,E-,130,4,3
"God Rest ye Merry, Gentlemen",125,Swing,C-,114,4,4
"Go, Tell It On The Mountain",125,Swing,F,112,4,5
Hark! The Herald Angels Sing,125,Bossa Nova,F,100,3,6
It Came Upon The Midnight Clear,125,Swing Waltz,Bb,116,5,7
Jingle Bells,125,Swing,G,176,4,8
Joy To The World,125,Bossa Nova,C,106,4,9
"O Come, All Ye Faithful",125,Swing,Eb,96,3,10
O Little Town Of Bethlehem,125,Bossa Nova,F,100,4,11
Silent Night,125,Swing Waltz,C,94,4,12
The First Noel,125,Swing Waltz,Eb,110,6,13
Up On The Housetop,125,Swing,F,180,3,14
We Three Kings,125,Swing Waltz,D,136,3,15
We Wish You A Merry Christmas,125,Swing Waltz,G,138,3,16
Auld Lang Syne,125,Swing,F,96,4,17
There's A Mingus Amonk Us,126,Bebop,Db,178,10,1
Shanghigh,126,Latin,C,148,10,2
Some Skunk Funk,126,Rock,Bb,140,8,3
Marble Sea,126,Bossa,Eb,140,4,4
Thrifty Man,126,Swing,Bb,116,4,5
Incidentally,126,Ballad,B,52,-,6
Free Fall,126,Uptempo   ,F,120,4,7
Hit Or Miss,126,Swing,C,186,4,8
The Sleaze Factor,126,Samba,F,136,3,9
You're In My Heart,126,Waltz,C,168,4,10
Moontide,126,Latin,D,136,3,11
Dirty Dogs,126,Blues,Bb,154,12,12
Tokyo Freddie,126,Uptempo,C,122,5,13
Boogie Woogie Bossa Nova,127,Bossa,Ab,125,7,1
Chicago Serenade,127,Swing,C,116,5,2
The Crying Blues,127,Blues,F,180,14,3
Antidote,127,Swing,G,168,7,4
Summer's On Its Way,127,Bossa,C-,114,4,5
Listen Here,127,Latin Funk,Bb,136,-,6
Recess,127,Swing,C,125,9,7
Sham Time,127,Funk,F,164,-,8
The Things You Do,127,Ballad,Ab,64,2,9
Freedom Jazz Dance,127,Swing,Bb,182,13,10
Hey Wado,127,Blues,Bb,170,19,11
Renovated Rhythm,127,Swing,Bb,250,6,12
1974 Blues,127,Blues,D7,126,5,13
Sweet Georgia Brown,128,Standard,G,219,8,1
Rose Room,128,Standard,F,219,8,2
Bei Mir Bist Du Schon,128,Standard,A-,185,7,3
Swing 42,128,Swing,C,212,8,4
Django's Cloud,128,Standard,C,107,4,5
After You've Gone,128,Standard,G,250,8,6
Limehouse Blues,128,Standard,G,267,10,7
Body And Soul,128,Ballad,Db,77,2,8
The Sheik Of Araby,128,Standard,Bb,254,9,9
Minor Swing,128,Swing,A-,207,14,10
Montagne Sainte Genevieve,128,Standard,E-,190,2,11
Swing Guitars,128,Swing,C,214,8,12
The World is Waiting for the Sunrise,128,Standard,C,280,10,13
Frosty The Snow Man,129,Standard,C,120,4,1
Here Comes Santa Claus,129,Standard,Eb,192,5,2
Up On The Housetop,129,Standard,Eb,126,7,3
Jingle Bell Rock,129,Standard,C,144,4,4
Over The River And Through The Woods,129,Traditional,C,166,7,5
Angels We Have Heard On High,129,Standard,Eb,120,6,6
All I Want For Christmas Is My Two Front Teeth,129,Standard,C,130,5,7
There's A Song In The Air,129,Standard,F,126,5,8
We Wish You A Merry Christmas,129,Standard,F,132,4,9
Home For The Holidays,129,Standard,C,192,5,10
Jingle Bells,129,Standard,F,200,6,11
Angels From The Realms Of Glory,129,Standard,C,120,4,12
Snowfall,129,Standard,Db,60,2,13
Jolly Old St. Nick,129,Standard,Bb,130,9,14
Jolly Old St. Nick,129,Shuffle,Bb,130,7,15
Pennies From Heaven,130,Standard,C,114,4,"D1,1"
Please Don't Talk About Me When I'm Gone,130,Standard,Eb,124,4,"D1,2"
Somebody Loves Me,130,Standard,G,136,4,"D1,3"
Time On My Hands,130,Standard,F,92,3,"D1,4"
Walkin' My Baby Back Home,130,Standard,C,120,4,"D1,5"
Sometimes I'm Happy,130,Standard,F,180,6,"D1,6"
My Buddy,130,Standard,G,110,4,"D1,7"
My Blue Heaven,130,Standard,Eb,144,5,"D1,8"
Jeepers Creepers,130,Standard,C-,196,6,"D1,9"
Is It True What They Say About Dixie?,130,Standard,G,200,6,"D1,10"
Day In-Day Out,130,Standard,C,208,4,"D2,1"
Ain't She Sweet,130,Standard,Eb,140,4,"D2,2"
Blueberry Hill,130,Standard,C,104,4,"D2,3"
Blueberry Hill (Jazz),130,Standard,C,110,4,"D2,10"
How Little We Know,130,Standard,F,130,4,"D2,4"
April Showers,130,Standard,G,126,4,"D2,5"
Honeysuckle Rose,130,Standard,F,154,6,"D2,6"
Ain't Misbehavin',130,Standard,Eb,110,4,"D2,7"
Begin The Beguine,130,Standard,C,128,2,"D2,8"
A String Of Pearls,130,Standard,Eb,150,5,"D2,9"
It's Only A Paper Moon,131,Standard,G,140,5,1
Stormy Weather,131,Standard,G,72,3,2
The Lady Is A Tramp,131,Standard,C,186,5,3
Hold My Hand,131,Standard,F,58,2,4
Don't Worry About Me,131,Standard,Ab,64,2,5
The Glow Worm,131,Standard,C,120,9,6
Cry Me A River,131,Standard,Eb,60,2,7
Bidin' My Time,131,Standard,Eb,160,7,8
Almost Like Being In Love,131,Standard,Eb,170,6,9
It's You Or No One,131,Standard,F,168,5,10
More Than You Know,131,Standard,C,78,2,11
Dedicated To You,131,Standard,Bb,57,2,12
Dancing On The Ceiling,131,Standard,F,132,4,13
It Never Entered My Mind,131,Standard,F,70,2,14
Lazy Afternoon,131,Standard,A-,60,2,15
Almost Like Being In Love,131,Bossa,Eb,178,4,16
On The Street Where You Live,132,Standard,Bb,142,3,1
I'm Looking Over A Four Leaf Clover,132,Standard,C,178,5,2
Goody Goody,132,Standard,C,180,4,3
You're The Cream In My Coffee,132,Standard,Eb,152,4,4
Alabamy Bound,132,Standard,Bb,300,7,5
"Music, Music, Music (Put Another Nickel In)",132,Standard,F,178,5,6
"Music, Music, Music (Put Another Nickel In) (Modern Jazz Harmony Version)",132,Standard,F,130,4,7
"Music, Music, Music (Put Another Nickel In) (Modern Jazz Version w/Brushes)",132,Standard,F,130,4,8
I'll See You In My Dreams,132,Standard,F,156,4,9
Coquette,132,Standard,C,154,4,10
Goofus,132,Standard,F,176,5,11
"Toot, Toot, Tootsie",132,Standard,Eb,174,3,12
"Yes Sir, That's My Baby",132,Standard,Eb,130,4,13
Josephine,132,Standard,F,126,4,14
In A Shanty In Old Shanty Town (4/4),132,Standard,F,164,4,15
In A Shanty In Old Shanty Town (3/4),132,Standard,F,118,4,16
I Found A Million Dollar Baby,132,Standard,F,130,4,17
Down By The Riverside,133,Dixieland,F,220,6,1
Wabash Blues,133,Dixieland,Eb,106,3,4
Who's Sorry Now?,133,Dixieland,Bb,188,5,13
Washington and Lee Swing,133,Dixieland,Bb,280,7,10
Ja-Da,133,Dixieland,F,174,8,5
Avalon,133,Dixieland,F,250,7,6
Smiles,133,Dixieland,Ab,160,5,2
Jazz Me Blues,133,Dixieland,Eb,216,7,3
Some Of These Days,133,Dixieland,F,212,6,8
China Boy,133,Dixieland,F,248,7,14
Just A Closer Walk With Thee,133,Dixieland,Bb,66,4,7
A Good Man Is Hard To Find,133,Dixieland,C,112,4,9
When The Saints Go Marching In,133,Dixieland,F,254,12,12
"Toot, Toot, Tootsie",133,Dixieland,C,240,5,15
Ballin' The Jack,133,Dixieland,Bb,128,5,11
